frame,action
0,reading,fear
1,reading,fear
2,reading,neutral
3,reading,neutral
4,reading,neutral
5,reading,neutral
6,reading,neutral
7,reading,neutral
8,reading,sad
9,reading,sad
10,reading,sad
11,reading,sad
12,reading,sad
13,reading,sad
14,reading,sad
15,reading,sad
16,reading,sad
17,reading,sad
18,reading,sad
19,reading,sad
20,reading,sad
21,reading,sad
22,reading,sad
23,reading,sad
24,reading,sad
25,reading,sad
26,reading,sad
27,reading,sad
28,reading,sad
29,reading,sad
30,reading,sad
31,reading,sad
32,reading,sad
33,reading,sad
34,reading,sad
35,reading,sad
36,reading,sad
37,reading,sad
38,reading,sad
39,reading,sad
40,reading,sad
41,reading,sad
42,reading,sad
43,reading,sad
44,reading,sad
45,reading,sad
46,reading,sad
47,reading,sad
48,reading,sad
49,reading,sad
50,reading,sad
51,reading,sad
52,reading,sad
53,reading,sad
54,reading,sad
55,reading,sad
56,reading,sad
57,reading,sad
58,reading,sad
59,reading,sad
60,reading,sad
61,reading,sad
62,reading,sad
63,reading,sad
64,reading,sad
65,reading,sad
66,reading,sad
67,reading,sad
68,reading,sad
69,reading,sad
70,reading,sad
71,reading,sad
72,reading,sad
73,reading,sad
74,reading,sad
75,reading,sad
76,reading,sad
77,reading,sad
78,reading,sad
79,reading,sad
80,reading,sad
81,reading,sad
82,reading,sad
83,reading,sad
84,reading,sad
85,reading,sad
86,reading,sad
87,reading,sad
88,reading,sad
89,reading,sad
90,reading,sad
91,reading,sad
92,reading,sad
93,reading,sad
94,reading,sad
95,reading,sad
96,reading,sad
97,reading,sad
98,reading,sad
99,reading,sad
100,reading,sad
101,reading,sad
102,reading,sad
103,reading,sad
104,reading,N/A
105,reading,N/A
106,reading,N/A
107,reading,N/A
108,reading,N/A
109,reading,N/A
110,reading,N/A
111,reading,N/A
112,reading,N/A
113,reading,N/A
114,reading,N/A
115,reading,N/A
116,reading,N/A
117,reading,N/A
118,reading,N/A
119,reading,N/A
120,reading,N/A
121,reading,N/A
122,reading,N/A
123,reading,N/A
124,reading,N/A
125,reading,N/A
126,reading,N/A
127,reading,N/A
128,reading,N/A
129,reading,N/A
130,reading,N/A
131,reading,N/A
132,reading,N/A
133,reading,N/A
134,reading,N/A
135,reading,N/A
136,reading,N/A
137,reading,N/A
138,reading,N/A
139,reading,N/A
140,reading,N/A
141,reading,N/A
142,reading,N/A
143,reading,sad
144,reading,sad
145,reading,sad
146,reading,sad
147,reading,sad
148,reading,sad
149,reading,sad
150,reading,sad
151,reading,sad
152,reading,sad
153,reading,sad
154,reading,sad
155,reading,sad
156,reading,sad
157,reading,sad
158,reading,sad
159,reading,sad
160,reading,sad
161,reading,sad
162,reading,sad
163,reading,sad
164,reading,sad
165,reading,sad
166,reading,sad
167,reading,sad
168,reading,sad
169,reading,sad
170,reading,sad
171,reading,sad
172,reading,sad
173,reading,sad
174,dancing,sad
175,dancing,sad
176,dancing,sad
177,dancing,sad
178,dancing,sad
179,dancing,sad
180,dancing,sad
181,dancing,sad
182,dancing,sad
183,dancing,sad
184,waving,sad
185,waving,happy
186,waving,happy
187,waving,happy
188,waving,happy
189,waving,happy
190,waving,happy
191,waving,happy
192,waving,happy
193,waving,happy
194,waving,happy
195,waving,happy
196,waving,happy
197,waving,happy
198,waving,happy
199,waving,happy
200,waving,happy
201,waving,happy
202,waving,happy
203,waving,happy
204,waving,happy
205,waving,happy
206,waving,happy
207,waving,happy
208,waving,happy
209,waving,happy
210,waving,happy
211,waving,happy
212,waving,happy
213,waving,happy
214,waving,happy
215,waving,happy
216,waving,happy
217,waving,happy
218,waving,happy
219,waving,happy
220,waving,happy
221,waving,happy
222,waving,happy
223,waving,happy
224,waving,happy
225,waving,happy
226,waving,happy
227,waving,happy
228,waving,happy
229,waving,happy
230,waving,happy
231,waving,happy
232,waving,happy
233,waving,happy
234,waving,happy
235,waving,happy
236,waving,happy
237,waving,happy
238,waving,happy
239,waving,happy
240,waving,happy
241,waving,happy
242,waving,happy
243,waving,happy
244,waving,happy
245,waving,happy
246,waving,happy
247,waving,happy
248,waving,happy
249,waving,happy
250,waving,happy
251,waving,happy
252,waving,happy
253,waving,happy
254,waving,happy
255,waving,happy
256,waving,happy
257,waving,happy
258,waving,happy
259,waving,neutral
260,waving,happy
261,waving,happy
262,waving,happy
263,waving,happy
264,waving,happy
265,waving,happy
266,waving,happy
267,waving,happy
268,waving,happy
269,waving,happy
270,waving,happy
271,waving,happy
272,waving,happy
273,waving,happy
274,waving,happy
275,waving,happy
276,waving,happy
277,waving,happy
278,waving,happy
279,waving,happy
280,waving,happy
281,waving,happy
282,waving,happy
283,waving,happy
284,waving,happy
285,waving,happy
286,waving,happy
287,waving,happy
288,waving,happy
289,waving,happy
290,waving,happy
291,waving,happy
292,waving,happy
293,waving,happy
294,waving,happy
295,waving,happy
296,waving,happy
297,waving,happy
298,waving,happy
299,waving,happy
300,waving,happy
301,waving,happy
302,waving,happy
303,waving,happy
304,waving,happy
305,waving,happy
306,waving,happy
307,waving,happy
308,waving,happy
309,waving,happy
310,waving,happy
311,waving,happy
312,waving,happy
313,waving,happy
314,waving,happy
315,waving,happy
316,waving,happy
317,waving,happy
318,waving,happy
319,waving,happy
320,waving,happy
321,waving,happy
322,waving,happy
323,waving,happy
324,waving,happy
325,waving,happy
326,unknown,happy
327,unknown,happy
328,unknown,happy
329,unknown,happy
330,unknown,happy
331,unknown,happy
332,unknown,happy
333,unknown,happy
334,unknown,happy
335,unknown,happy
336,unknown,happy
337,unknown,happy
338,unknown,happy
339,unknown,happy
340,unknown,happy
341,unknown,happy
342,unknown,happy
343,unknown,happy
344,unknown,happy
345,unknown,happy
346,unknown,happy
347,unknown,happy
348,unknown,happy
349,unknown,happy
350,unknown,happy
351,unknown,happy
352,unknown,happy
353,unknown,happy
354,unknown,happy
355,unknown,happy
356,unknown,happy
357,unknown,happy
358,unknown,happy
359,unknown,happy
360,unknown,
361,unknown,
362,unknown,
363,unknown,
364,unknown,
365,unknown,
366,unknown,
367,unknown,
368,unknown,
369,unknown,
370,unknown,
371,unknown,
372,unknown,
373,unknown,
374,unknown,
375,unknown,
376,unknown,
377,unknown,
378,unknown,
379,unknown,
380,unknown,
381,unknown,
382,unknown,
383,unknown,
384,unknown,
385,unknown,
386,unknown,
387,unknown,
388,unknown,
389,unknown,
390,unknown,
391,unknown,
392,unknown,
393,unknown,
394,unknown,
395,unknown,
396,unknown,
397,unknown,
398,unknown,
399,unknown,
400,unknown,
401,unknown,
402,unknown,
403,unknown,
404,unknown,
405,unknown,
406,unknown,
407,unknown,
408,unknown,
409,unknown,
410,unknown,
411,unknown,
412,unknown,
413,unknown,
414,unknown,
415,unknown,
416,unknown,
417,unknown,
418,unknown,
419,unknown,
420,unknown,
421,unknown,
422,unknown,
423,unknown,
424,unknown,
425,unknown,
426,unknown,
427,unknown,
428,unknown,
429,unknown,
430,unknown,
431,unknown,
432,unknown,
433,unknown,
434,unknown,
435,unknown,
436,unknown,
437,unknown,
438,unknown,
439,unknown,
440,unknown,
441,unknown,
442,unknown,
443,unknown,
444,unknown,
445,unknown,
446,unknown,
447,unknown,
448,unknown,
449,unknown,
450,unknown,
451,unknown,
452,unknown,
453,unknown,
454,unknown,
455,unknown,
456,unknown,
457,unknown,
458,unknown,
459,unknown,
460,unknown,
461,unknown,
462,unknown,
463,unknown,
464,unknown,
465,unknown,
466,unknown,
467,unknown,
468,unknown,
469,unknown,
470,unknown,
471,unknown,
472,unknown,
473,unknown,
474,unknown,
475,unknown,
476,unknown,
477,unknown,
478,unknown,
479,unknown,
480,unknown,
481,unknown,
482,unknown,
483,unknown,
484,unknown,
485,unknown,
486,unknown,
487,unknown,
488,unknown,
489,unknown,
490,unknown,
491,unknown,
492,unknown,
493,unknown,
494,unknown,
495,unknown,
496,unknown,
497,unknown,
498,unknown,
499,unknown,
500,unknown,
501,unknown,
502,unknown,
503,unknown,
504,unknown,
505,unknown,
506,unknown,
507,unknown,
508,unknown,
509,unknown,
510,unknown,
511,unknown,
512,unknown,
513,unknown,
514,unknown,
515,unknown,
516,unknown,
517,unknown,
518,unknown,
519,unknown,
520,unknown,
521,unknown,
522,unknown,
523,unknown,
524,unknown,
525,unknown,
526,unknown,
527,unknown,
528,unknown,
529,unknown,
530,unknown,
531,unknown,
532,unknown,
533,unknown,
534,unknown,
535,unknown,
536,unknown,
537,unknown,
538,unknown,
539,unknown,
540,unknown,
541,unknown,
542,dancing,
543,dancing,
544,dancing,
545,dancing,
546,dancing,
547,dancing,
548,dancing,
549,dancing,
550,dancing,
551,dancing,
552,dancing,
553,dancing,
554,dancing,N/A
555,dancing,N/A
556,dancing,happy
557,dancing,happy
558,dancing,happy
559,dancing,happy
560,dancing,happy
561,dancing,happy
562,dancing,happy
563,dancing,neutral
564,dancing,neutral
565,dancing,neutral
566,dancing,neutral
567,dancing,neutral
568,dancing,neutral
569,dancing,neutral
570,dancing,neutral
571,dancing,neutral
572,dancing,neutral
573,dancing,neutral
574,dancing,angry
575,dancing,angry
576,dancing,
577,dancing,
578,dancing,angry
579,dancing,
580,dancing,
581,dancing,angry
582,dancing,
583,dancing,
584,dancing,
585,dancing,
586,dancing,
587,dancing,
588,dancing,
589,dancing,
590,dancing,
591,dancing,
592,dancing,
593,dancing,
594,dancing,
595,dancing,
596,dancing,
597,dancing,
598,dancing,
599,dancing,
600,dancing,
601,dancing,
602,dancing,
603,dancing,
604,dancing,
605,dancing,
606,dancing,
607,dancing,
608,dancing,
609,dancing,
610,dancing,angry
611,dancing,angry
612,dancing,angry
613,dancing,angry
614,dancing,angry
615,dancing,happy
616,dancing,happy
617,dancing,happy
618,dancing,happy
619,dancing,happy
620,dancing,neutral
621,dancing,neutral
622,dancing,happy
623,dancing,happy
624,dancing,happy
625,dancing,happy
626,dancing,happy
627,dancing,happy
628,dancing,happy
629,dancing,happy
630,dancing,happy
631,dancing,sad
632,dancing,happy
633,dancing,happy
634,dancing,happy
635,dancing,sad
636,dancing,neutral
637,dancing,neutral
638,dancing,neutral
639,dancing,neutral
640,dancing,
641,dancing,neutral
642,dancing,neutral
643,dancing,neutral
644,dancing,neutral
645,dancing,neutral
646,dancing,neutral
647,dancing,neutral
648,dancing,sad
649,dancing,
650,dancing,
651,dancing,
652,dancing,
653,dancing,
654,dancing,
655,dancing,
656,dancing,N/A
657,dancing,N/A
658,dancing,N/A
659,dancing,N/A
660,dancing,N/A
661,dancing,N/A
662,dancing,N/A
663,dancing,N/A
664,dancing,N/A
665,dancing,N/A
666,dancing,N/A
667,dancing,sad
668,dancing,sad
669,dancing,sad
670,dancing,sad
671,dancing,sad
672,dancing,sad
673,dancing,sad
674,dancing,sad
675,dancing,sad
676,dancing,sad
677,dancing,neutral
678,dancing,neutral
679,dancing,
680,dancing,
681,dancing,
682,dancing,
683,dancing,
684,dancing,
685,dancing,
686,dancing,
687,dancing,
688,dancing,
689,dancing,
690,dancing,
691,dancing,
692,dancing,
693,dancing,
694,dancing,
695,dancing,
696,dancing,
697,dancing,
698,dancing,
699,dancing,
700,dancing,
701,dancing,
702,dancing,
703,dancing,
704,dancing,
705,dancing,
706,dancing,
707,dancing,
708,dancing,
709,dancing,
710,dancing,
711,dancing,
712,dancing,sad
713,dancing,
714,dancing,sad
715,dancing,sad
716,dancing,fear
717,dancing,fear
718,dancing,fear
719,dancing,fear
720,dancing,sad
721,dancing,sad
722,dancing,happy
723,dancing,happy
724,dancing,happy
725,dancing,happy
726,dancing,happy
727,dancing,happy
728,dancing,happy
729,dancing,happy
730,dancing,happy
731,dancing,happy
732,dancing,happy
733,dancing,neutral
734,dancing,neutral
735,dancing,happy
736,dancing,neutral
737,dancing,neutral
738,dancing,neutral
739,dancing,neutral
740,dancing,neutral
741,dancing,neutral
742,dancing,neutral
743,dancing,neutral
744,dancing,neutral
745,dancing,neutral
746,dancing,neutral
747,dancing,neutral
748,dancing,neutral
749,dancing,neutral
750,dancing,neutral
751,dancing,neutral
752,dancing,neutral
753,dancing,neutral
754,dancing,neutral
755,dancing,neutral
756,dancing,neutral
757,dancing,neutral
758,dancing,neutral
759,dancing,neutral
760,dancing,neutral
761,dancing,neutral
762,dancing,neutral
763,dancing,neutral
764,dancing,neutral
765,dancing,neutral
766,dancing,neutral
767,dancing,neutral
768,dancing,neutral
769,dancing,neutral
770,dancing,neutral
771,dancing,neutral
772,dancing,neutral
773,dancing,neutral
774,dancing,neutral
775,dancing,neutral
776,dancing,neutral
777,dancing,neutral
778,dancing,neutral
779,dancing,neutral
780,dancing,neutral
781,dancing,neutral
782,dancing,neutral
783,dancing,neutral
784,dancing,neutral
785,dancing,neutral
786,dancing,neutral
787,dancing,neutral
788,dancing,neutral
789,dancing,neutral
790,dancing,neutral
791,dancing,neutral
792,dancing,neutral
793,dancing,neutral
794,dancing,neutral
795,dancing,neutral
796,dancing,neutral
797,dancing,neutral
798,dancing,neutral
799,dancing,neutral
800,dancing,neutral
801,dancing,neutral
802,dancing,neutral
803,dancing,happy
804,dancing,neutral
805,dancing,neutral
806,dancing,neutral
807,dancing,neutral
808,dancing,neutral
809,dancing,neutral
810,dancing,happy
811,dancing,neutral
812,dancing,neutral
813,dancing,neutral
814,dancing,neutral
815,dancing,happy
816,dancing,neutral
817,dancing,neutral
818,unknown,neutral
819,unknown,neutral
820,unknown,neutral
821,unknown,neutral
822,unknown,neutral
823,unknown,neutral
824,unknown,neutral
825,unknown,neutral
826,unknown,neutral
827,unknown,neutral
828,unknown,neutral
829,unknown,neutral
830,unknown,neutral
831,unknown,neutral
832,unknown,neutral
833,unknown,neutral
834,unknown,neutral
835,unknown,neutral
836,unknown,neutral
837,unknown,neutral
838,unknown,neutral
839,unknown,neutral
840,unknown,neutral
841,unknown,neutral
842,unknown,happy
843,unknown,happy
844,unknown,happy
845,unknown,happy
846,unknown,happy
847,unknown,happy
848,unknown,happy
849,unknown,happy
850,unknown,happy
851,unknown,happy
852,unknown,happy
853,unknown,happy
854,unknown,happy
855,unknown,happy
856,unknown,happy
857,unknown,happy
858,unknown,happy
859,unknown,happy
860,unknown,happy
861,unknown,happy
862,unknown,happy
863,unknown,happy
864,unknown,happy
865,unknown,happy
866,unknown,happy
867,unknown,happy
868,unknown,happy
869,unknown,happy
870,unknown,happy
871,unknown,happy
872,unknown,happy
873,unknown,happy
874,unknown,happy
875,unknown,happy
876,unknown,happy
877,unknown,happy
878,unknown,happy
879,unknown,happy
880,unknown,happy
881,unknown,happy
882,unknown,happy
883,unknown,happy
884,unknown,happy
885,unknown,happy
886,unknown,happy
887,unknown,happy
888,unknown,happy
889,unknown,happy
890,unknown,happy
891,unknown,happy
892,unknown,happy
893,unknown,happy
894,unknown,happy
895,unknown,happy
896,unknown,happy
897,unknown,happy
898,unknown,happy
899,unknown,happy
900,unknown,happy
901,unknown,happy
902,hands_on_face,happy
903,hands_on_face,happy
904,hands_on_face,happy
905,hands_on_face,surprise
906,hands_on_face,surprise
907,hands_on_face,surprise
908,hands_on_face,surprise
909,hands_on_face,surprise
910,hands_on_face,surprise
911,hands_on_face,surprise
912,hands_on_face,surprise
913,hands_on_face,surprise
914,hands_on_face,surprise
915,hands_on_face,surprise
916,hands_on_face,surprise
917,hands_on_face,surprise
918,hands_on_face,surprise
919,hands_on_face,surprise
920,hands_on_face,surprise
921,hands_on_face,surprise
922,hands_on_face,surprise
923,hands_on_face,surprise
924,hands_on_face,surprise
925,hands_on_face,surprise
926,hands_on_face,surprise
927,hands_on_face,surprise
928,hands_on_face,surprise
929,hands_on_face,surprise
930,hands_on_face,surprise
931,hands_on_face,surprise
932,hands_on_face,surprise
933,hands_on_face,surprise
934,hands_on_face,surprise
935,hands_on_face,surprise
936,hands_on_face,surprise
937,hands_on_face,surprise
938,hands_on_face,surprise
939,hands_on_face,surprise
940,hands_on_face,surprise
941,hands_on_face,surprise
942,hands_on_face,surprise
943,hands_on_face,surprise
944,hands_on_face,surprise
945,hands_on_face,surprise
946,hands_on_face,surprise
947,hands_on_face,surprise
948,hands_on_face,surprise
949,hands_on_face,surprise
950,hands_on_face,surprise
951,hands_on_face,surprise
952,hands_on_face,surprise
953,hands_on_face,surprise
954,hands_on_face,surprise
955,hands_on_face,surprise
956,hands_on_face,surprise
957,hands_on_face,surprise
958,hands_on_face,surprise
959,hands_on_face,surprise
960,hands_on_face,surprise
961,hands_on_face,surprise
962,hands_on_face,surprise
963,hands_on_face,surprise
964,hands_on_face,surprise
965,hands_on_face,surprise
966,hands_on_face,surprise
967,hands_on_face,surprise
968,hands_on_face,surprise
969,hands_on_face,surprise
970,hands_on_face,surprise
971,hands_on_face,surprise
972,hands_on_face,surprise
973,hands_on_face,surprise
974,hands_on_face,surprise
975,hands_on_face,surprise
976,hands_on_face,surprise
977,hands_on_face,surprise
978,hands_on_face,surprise
979,hands_on_face,surprise
980,hands_on_face,surprise
981,hands_on_face,surprise
982,hands_on_face,surprise
983,hands_on_face,happy
984,hands_on_face,happy
985,hands_on_face,happy
986,hands_on_face,surprise
987,hands_on_face,happy
988,hands_on_face,surprise
989,hands_on_face,neutral
990,hands_on_face,surprise
991,hands_on_face,surprise
992,hands_on_face,surprise
993,hands_on_face,surprise
994,hands_on_face,surprise
995,hands_on_face,surprise
996,hands_on_face,surprise
997,hands_on_face,surprise
998,hands_on_face,surprise
999,hands_on_face,surprise
1000,hands_on_face,surprise
1001,hands_on_face,surprise
1002,hands_on_face,surprise
1003,hands_on_face,surprise
1004,hands_on_face,surprise
1005,hands_on_face,surprise
1006,hands_on_face,surprise
1007,hands_on_face,surprise
1008,hands_on_face,surprise
1009,hands_on_face,surprise
1010,hands_on_face,surprise
1011,hands_on_face,surprise
1012,hands_on_face,surprise
1013,hands_on_face,fear
1014,hands_on_face,fear
1015,hands_on_face,fear
1016,hands_on_face,fear
1017,hands_on_face,fear
1018,hands_on_face,fear
1019,hands_on_face,surprise
1020,hands_on_face,surprise
1021,hands_on_face,surprise
1022,hands_on_face,surprise
1023,hands_on_face,surprise
1024,hands_on_face,surprise
1025,hands_on_face,surprise
1026,hands_on_face,surprise
1027,hands_on_face,surprise
1028,hands_on_face,surprise
1029,hands_on_face,surprise
1030,hands_on_face,surprise
1031,hands_on_face,surprise
1032,hands_on_face,surprise
1033,hands_on_face,surprise
1034,hands_on_face,surprise
1035,hands_on_face,surprise
1036,hands_on_face,surprise
1037,hands_on_face,surprise
1038,hands_on_face,surprise
1039,hands_on_face,surprise
1040,hands_on_face,surprise
1041,hands_on_face,surprise
1042,hands_on_face,surprise
1043,hands_on_face,surprise
1044,hands_on_face,surprise
1045,hands_on_face,surprise
1046,hands_on_face,surprise
1047,hands_on_face,surprise
1048,hands_on_face,surprise
1049,hands_on_face,surprise
1050,hands_on_face,surprise
1051,hands_on_face,surprise
1052,hands_on_face,surprise
1053,hands_on_face,surprise
1054,hands_on_face,surprise
1055,hands_on_face,surprise
1056,hands_on_face,surprise
1057,hands_on_face,surprise
1058,hands_on_face,surprise
1059,hands_on_face,surprise
1060,hands_on_face,surprise
1061,hands_on_face,surprise
1062,hands_on_face,surprise
1063,hands_on_face,surprise
1064,hands_on_face,surprise
1065,hands_on_face,surprise
1066,hands_on_face,surprise
1067,hands_on_face,surprise
1068,hands_on_face,surprise
1069,hands_on_face,surprise
1070,hands_on_face,surprise
1071,hands_on_face,surprise
1072,hands_on_face,surprise
1073,hands_on_face,surprise
1074,hands_on_face,surprise
1075,hands_on_face,surprise
1076,hands_on_face,surprise
1077,hands_on_face,surprise
1078,hands_on_face,surprise
1079,hands_on_face,surprise
1080,resting,
1081,resting,surprise
1082,resting,surprise
1083,resting,surprise
1084,unknown,surprise
1085,resting,surprise
1086,resting,neutral
1087,resting,neutral
1088,resting,neutral
1089,resting,neutral
1090,resting,neutral
1091,resting,happy
1092,resting,neutral
1093,resting,neutral
1094,resting,neutral
1095,resting,neutral
1096,resting,happy
1097,resting,neutral
1098,resting,neutral
1099,resting,neutral
1100,resting,neutral
1101,resting,neutral
1102,resting,neutral
1103,resting,neutral
1104,resting,neutral
1105,resting,neutral
1106,resting,neutral
1107,resting,neutral
1108,resting,neutral
1109,resting,neutral
1110,resting,neutral
1111,resting,neutral
1112,resting,neutral
1113,resting,neutral
1114,resting,neutral
1115,resting,neutral
1116,resting,neutral
1117,resting,neutral
1118,resting,neutral
1119,resting,neutral
1120,resting,neutral
1121,resting,neutral
1122,resting,neutral
1123,resting,neutral
1124,resting,neutral
1125,resting,neutral
1126,resting,neutral
1127,resting,neutral
1128,resting,neutral
1129,resting,neutral
1130,resting,neutral
1131,resting,neutral
1132,resting,neutral
1133,resting,neutral
1134,resting,neutral
1135,resting,neutral
1136,resting,neutral
1137,resting,neutral
1138,resting,neutral
1139,resting,neutral
1140,resting,happy
1141,resting,happy
1142,resting,happy
1143,resting,happy
1144,resting,happy
1145,resting,happy
1146,resting,happy
1147,resting,happy
1148,resting,happy
1149,resting,happy
1150,resting,neutral
1151,resting,neutral
1152,resting,neutral
1153,resting,neutral
1154,resting,neutral
1155,resting,neutral
1156,resting,neutral
1157,resting,neutral
1158,resting,neutral
1159,resting,neutral
1160,resting,neutral
1161,resting,neutral
1162,resting,neutral
1163,resting,neutral
1164,resting,neutral
1165,resting,neutral
1166,resting,neutral
1167,resting,neutral
1168,resting,sad
1169,resting,sad
1170,resting,neutral
1171,resting,sad
1172,resting,sad
1173,resting,neutral
1174,resting,neutral
1175,resting,neutral
1176,resting,neutral
1177,resting,neutral
1178,resting,neutral
1179,resting,neutral
1180,resting,sad
1181,resting,neutral
1182,resting,sad
1183,resting,sad
1184,resting,sad
1185,resting,sad
1186,resting,sad
1187,resting,sad
1188,resting,neutral
1189,resting,neutral
1190,resting,neutral
1191,resting,neutral
1192,resting,neutral
1193,resting,neutral
1194,resting,neutral
1195,resting,neutral
1196,resting,neutral
1197,resting,neutral
1198,resting,neutral
1199,resting,neutral
1200,resting,neutral
1201,resting,neutral
1202,resting,neutral
1203,resting,neutral
1204,resting,neutral
1205,resting,neutral
1206,resting,neutral
1207,resting,neutral
1208,resting,neutral
1209,resting,neutral
1210,resting,neutral
1211,resting,neutral
1212,resting,neutral
1213,resting,neutral
1214,resting,neutral
1215,resting,neutral
1216,resting,neutral
1217,resting,neutral
1218,resting,fear
1219,resting,fear
1220,resting,fear
1221,resting,fear
1222,resting,fear
1223,resting,fear
1224,resting,fear
1225,resting,fear
1226,resting,fear
1227,resting,fear
1228,resting,sad
1229,resting,sad
1230,resting,sad
1231,resting,sad
1232,resting,sad
1233,resting,sad
1234,resting,sad
1235,resting,sad
1236,resting,sad
1237,resting,sad
1238,resting,sad
1239,resting,sad
1240,resting,sad
1241,resting,sad
1242,resting,fear
1243,resting,fear
1244,resting,fear
1245,resting,fear
1246,resting,fear
1247,resting,fear
1248,resting,fear
1249,resting,fear
1250,resting,fear
1251,resting,fear
1252,resting,fear
1253,resting,fear
1254,resting,fear
1255,resting,fear
1256,resting,fear
1257,resting,fear
1258,resting,fear
1259,resting,fear
1260,resting,
1261,resting,fear
1262,grimacing,fear
1263,grimacing,fear
1264,grimacing,fear
1265,unknown,fear
1266,grimacing,neutral
1267,grimacing,neutral
1268,grimacing,neutral
1269,grimacing,neutral
1270,grimacing,neutral
1271,grimacing,neutral
1272,grimacing,neutral
1273,grimacing,neutral
1274,grimacing,neutral
1275,grimacing,neutral
1276,grimacing,neutral
1277,grimacing,neutral
1278,grimacing,neutral
1279,grimacing,neutral
1280,grimacing,neutral
1281,grimacing,neutral
1282,grimacing,neutral
1283,grimacing,neutral
1284,grimacing,neutral
1285,grimacing,neutral
1286,grimacing,neutral
1287,grimacing,neutral
1288,grimacing,neutral
1289,grimacing,neutral
1290,grimacing,neutral
1291,grimacing,neutral
1292,grimacing,neutral
1293,grimacing,neutral
1294,grimacing,neutral
1295,grimacing,neutral
1296,grimacing,neutral
1297,grimacing,neutral
1298,grimacing,neutral
1299,grimacing,angry
1300,grimacing,angry
1301,grimacing,neutral
1302,grimacing,sad
1303,grimacing,sad
1304,grimacing,sad
1305,grimacing,sad
1306,grimacing,sad
1307,grimacing,sad
1308,grimacing,sad
1309,grimacing,sad
1310,grimacing,sad
1311,grimacing,sad
1312,grimacing,sad
1313,grimacing,sad
1314,grimacing,sad
1315,grimacing,sad
1316,grimacing,sad
1317,grimacing,sad
1318,grimacing,sad
1319,grimacing,sad
1320,grimacing,sad
1321,grimacing,sad
1322,grimacing,sad
1323,grimacing,sad
1324,grimacing,sad
1325,grimacing,sad
1326,grimacing,sad
1327,grimacing,neutral
1328,grimacing,neutral
1329,grimacing,neutral
1330,grimacing,neutral
1331,grimacing,neutral
1332,grimacing,neutral
1333,grimacing,neutral
1334,grimacing,neutral
1335,grimacing,neutral
1336,grimacing,neutral
1337,grimacing,neutral
1338,grimacing,neutral
1339,grimacing,neutral
1340,grimacing,neutral
1341,grimacing,neutral
1342,grimacing,neutral
1343,grimacing,neutral
1344,grimacing,neutral
1345,grimacing,neutral
1346,grimacing,neutral
1347,grimacing,neutral
1348,grimacing,neutral
1349,grimacing,neutral
1350,grimacing,neutral
1351,grimacing,neutral
1352,grimacing,neutral
1353,grimacing,neutral
1354,grimacing,N/A
1355,grimacing,N/A
1356,grimacing,N/A
1357,grimacing,N/A
1358,grimacing,N/A
1359,grimacing,N/A
1360,grimacing,N/A
1361,grimacing,N/A
1362,grimacing,N/A
1363,grimacing,N/A
1364,grimacing,N/A
1365,grimacing,neutral
1366,grimacing,neutral
1367,grimacing,neutral
1368,grimacing,neutral
1369,grimacing,neutral
1370,grimacing,neutral
1371,grimacing,neutral
1372,grimacing,neutral
1373,grimacing,neutral
1374,grimacing,neutral
1375,grimacing,neutral
1376,grimacing,sad
1377,grimacing,sad
1378,grimacing,sad
1379,grimacing,sad
1380,grimacing,sad
1381,grimacing,neutral
1382,grimacing,sad
1383,grimacing,sad
1384,grimacing,sad
1385,grimacing,sad
1386,grimacing,sad
1387,grimacing,sad
1388,grimacing,sad
1389,grimacing,sad
1390,grimacing,sad
1391,grimacing,sad
1392,grimacing,sad
1393,grimacing,sad
1394,grimacing,neutral
1395,grimacing,neutral
1396,grimacing,neutral
1397,grimacing,sad
1398,grimacing,neutral
1399,grimacing,neutral
1400,grimacing,neutral
1401,grimacing,neutral
1402,grimacing,neutral
1403,grimacing,neutral
1404,grimacing,neutral
1405,grimacing,neutral
1406,grimacing,neutral
1407,grimacing,neutral
1408,grimacing,neutral
1409,grimacing,neutral
1410,grimacing,neutral
1411,grimacing,neutral
1412,grimacing,neutral
1413,grimacing,neutral
1414,grimacing,neutral
1415,grimacing,neutral
1416,grimacing,neutral
1417,grimacing,neutral
1418,grimacing,sad
1419,grimacing,sad
1420,grimacing,sad
1421,grimacing,sad
1422,grimacing,neutral
1423,grimacing,neutral
1424,grimacing,neutral
1425,grimacing,neutral
1426,grimacing,neutral
1427,grimacing,neutral
1428,grimacing,neutral
1429,grimacing,neutral
1430,grimacing,neutral
1431,grimacing,neutral
1432,grimacing,neutral
1433,grimacing,neutral
1434,grimacing,neutral
1435,grimacing,neutral
1436,grimacing,neutral
1437,grimacing,neutral
1438,grimacing,neutral
1439,grimacing,neutral
1440,laughing,neutral
1441,laughing,neutral
1442,laughing,neutral
1443,laughing,neutral
1444,laughing,neutral
1445,laughing,neutral
1446,laughing,happy
1447,laughing,happy
1448,laughing,happy
1449,laughing,happy
1450,laughing,happy
1451,laughing,happy
1452,laughing,happy
1453,laughing,happy
1454,laughing,happy
1455,laughing,happy
1456,laughing,happy
1457,laughing,happy
1458,laughing,happy
1459,laughing,happy
1460,laughing,happy
1461,laughing,happy
1462,laughing,happy
1463,laughing,happy
1464,laughing,happy
1465,laughing,happy
1466,laughing,happy
1467,laughing,happy
1468,laughing,happy
1469,laughing,happy
1470,laughing,happy
1471,laughing,happy
1472,laughing,happy
1473,laughing,happy
1474,laughing,happy
1475,laughing,happy
1476,laughing,happy
1477,laughing,happy
1478,laughing,happy
1479,laughing,happy
1480,laughing,happy
1481,laughing,happy
1482,laughing,happy
1483,laughing,happy
1484,laughing,happy
1485,laughing,happy
1486,laughing,happy
1487,laughing,happy
1488,laughing,happy
1489,laughing,happy
1490,laughing,happy
1491,laughing,happy
1492,laughing,happy
1493,laughing,happy
1494,laughing,happy
1495,laughing,happy
1496,laughing,happy
1497,laughing,happy
1498,laughing,happy
1499,laughing,happy
1500,laughing,happy
1501,laughing,happy
1502,laughing,happy
1503,laughing,happy
1504,laughing,happy
1505,laughing,happy
1506,laughing,happy
1507,laughing,happy
1508,laughing,happy
1509,laughing,happy
1510,laughing,happy
1511,laughing,happy
1512,laughing,happy
1513,laughing,happy
1514,laughing,happy
1515,laughing,happy
1516,laughing,happy
1517,laughing,happy
1518,laughing,happy
1519,laughing,happy
1520,laughing,happy
1521,laughing,happy
1522,laughing,happy
1523,laughing,happy
1524,laughing,happy
1525,laughing,happy
1526,laughing,happy
1527,laughing,happy
1528,laughing,happy
1529,laughing,happy
1530,laughing,happy
1531,laughing,happy
1532,laughing,happy
1533,laughing,happy
1534,laughing,happy
1535,laughing,happy
1536,laughing,happy
1537,laughing,happy
1538,laughing,happy
1539,laughing,happy
1540,laughing,happy
1541,laughing,happy
1542,laughing,happy
1543,laughing,happy
1544,laughing,happy
1545,laughing,happy
1546,laughing,happy
1547,laughing,happy
1548,laughing,happy
1549,laughing,happy
1550,laughing,happy
1551,laughing,happy
1552,laughing,happy
1553,laughing,happy
1554,laughing,happy
1555,laughing,happy
1556,laughing,happy
1557,laughing,happy
1558,laughing,happy
1559,laughing,neutral
1560,laughing,neutral
1561,laughing,neutral
1562,laughing,neutral
1563,laughing,neutral
1564,laughing,neutral
1565,laughing,neutral
1566,laughing,fear
1567,laughing,fear
1568,laughing,fear
1569,laughing,fear
1570,suffering,fear
1571,suffering,happy
1572,suffering,happy
1573,suffering,happy
1574,suffering,happy
1575,suffering,happy
1576,suffering,happy
1577,suffering,happy
1578,suffering,happy
1579,suffering,happy
1580,suffering,happy
1581,suffering,happy
1582,suffering,happy
1583,suffering,happy
1584,suffering,happy
1585,suffering,happy
1586,suffering,happy
1587,suffering,happy
1588,suffering,happy
1589,suffering,happy
1590,suffering,happy
1591,suffering,happy
1592,suffering,happy
1593,suffering,happy
1594,suffering,happy
1595,suffering,happy
1596,suffering,happy
1597,suffering,happy
1598,suffering,happy
1599,suffering,happy
1600,suffering,happy
1601,suffering,happy
1602,suffering,happy
1603,suffering,happy
1604,suffering,happy
1605,suffering,happy
1606,suffering,happy
1607,suffering,happy
1608,laughing,happy
1609,suffering,happy
1610,suffering,happy
1611,suffering,happy
1612,suffering,happy
1613,suffering,happy
1614,suffering,happy
1615,suffering,happy
1616,suffering,happy
1617,suffering,happy
1618,suffering,happy
1619,suffering,happy
1620,suffering,happy
1621,suffering,happy
1622,suffering,happy
1623,suffering,happy
1624,suffering,happy
1625,suffering,neutral
1626,suffering,neutral
1627,suffering,neutral
1628,suffering,neutral
1629,suffering,neutral
1630,suffering,neutral
1631,suffering,neutral
1632,suffering,neutral
1633,suffering,neutral
1634,suffering,neutral
1635,suffering,neutral
1636,suffering,neutral
1637,suffering,neutral
1638,suffering,neutral
1639,suffering,neutral
1640,suffering,neutral
1641,suffering,neutral
1642,suffering,neutral
1643,suffering,neutral
1644,suffering,neutral
1645,suffering,neutral
1646,suffering,neutral
1647,suffering,neutral
1648,suffering,neutral
1649,suffering,neutral
1650,suffering,neutral
1651,suffering,neutral
1652,suffering,neutral
1653,suffering,neutral
1654,suffering,neutral
1655,suffering,neutral
1656,suffering,neutral
1657,suffering,neutral
1658,suffering,neutral
1659,suffering,neutral
1660,suffering,neutral
1661,suffering,neutral
1662,suffering,neutral
1663,suffering,neutral
1664,suffering,neutral
1665,suffering,neutral
1666,suffering,neutral
1667,suffering,neutral
1668,suffering,neutral
1669,suffering,neutral
1670,suffering,neutral
1671,suffering,neutral
1672,suffering,neutral
1673,suffering,neutral
1674,suffering,neutral
1675,suffering,neutral
1676,suffering,neutral
1677,suffering,neutral
1678,suffering,neutral
1679,suffering,neutral
1680,suffering,neutral
1681,suffering,neutral
1682,suffering,neutral
1683,suffering,neutral
1684,suffering,neutral
1685,suffering,neutral
1686,suffering,neutral
1687,suffering,neutral
1688,suffering,neutral
1689,suffering,neutral
1690,suffering,neutral
1691,suffering,neutral
1692,suffering,neutral
1693,suffering,neutral
1694,suffering,neutral
1695,suffering,neutral
1696,suffering,neutral
1697,suffering,neutral
1698,suffering,neutral
1699,suffering,neutral
1700,suffering,neutral
1701,suffering,neutral
1702,suffering,neutral
1703,suffering,neutral
1704,suffering,neutral
1705,suffering,neutral
1706,suffering,neutral
1707,suffering,neutral
1708,suffering,neutral
1709,suffering,surprise
1710,suffering,
1711,suffering,
1712,suffering,
1713,suffering,
1714,suffering,
1715,suffering,
1716,unknown,
1717,unknown,
1718,unknown,
1719,unknown,
1720,unknown,
1721,unknown,
1722,unknown,
1723,unknown,
1724,unknown,
1725,unknown,
1726,unknown,
1727,unknown,
1728,unknown,
1729,unknown,
1730,unknown,
1731,unknown,
1732,unknown,
1733,unknown,
1734,unknown,
1735,unknown,
1736,unknown,
1737,unknown,
1738,unknown,
1739,unknown,
1740,unknown,
1741,unknown,
1742,unknown,
1743,unknown,
1744,unknown,
1745,unknown,
1746,unknown,
1747,unknown,
1748,unknown,
1749,unknown,
1750,unknown,
1751,unknown,
1752,unknown,
1753,unknown,
1754,unknown,
1755,unknown,
1756,unknown,
1757,unknown,
1758,unknown,
1759,unknown,
1760,unknown,
1761,unknown,
1762,unknown,
1763,unknown,
1764,unknown,
1765,unknown,
1766,unknown,
1767,unknown,
1768,unknown,
1769,unknown,
1770,unknown,
1771,unknown,
1772,unknown,
1773,unknown,
1774,unknown,
1775,unknown,
1776,unknown,
1777,unknown,
1778,unknown,
1779,unknown,
1780,unknown,
1781,unknown,
1782,unknown,
1783,unknown,
1784,unknown,
1785,unknown,
1786,unknown,
1787,unknown,
1788,unknown,
1789,unknown,
1790,unknown,
1791,unknown,
1792,unknown,
1793,unknown,
1794,unknown,
1795,unknown,
1796,unknown,
1797,unknown,
1798,unknown,
1799,unknown,
1800,unknown,
1801,unknown,
1802,unknown,
1803,unknown,
1804,unknown,
1805,unknown,
1806,unknown,
1807,unknown,
1808,unknown,
1809,unknown,
1810,unknown,
1811,unknown,
1812,unknown,
1813,unknown,
1814,unknown,
1815,unknown,
1816,unknown,
1817,unknown,
1818,unknown,
1819,unknown,
1820,unknown,
1821,unknown,
1822,unknown,
1823,unknown,
1824,unknown,
1825,unknown,
1826,unknown,
1827,unknown,
1828,unknown,
1829,unknown,
1830,unknown,
1831,unknown,
1832,unknown,
1833,unknown,
1834,unknown,
1835,removing_blindfold,
1836,removing_blindfold,
1837,removing_blindfold,
1838,removing_blindfold,
1839,removing_blindfold,
1840,removing_blindfold,
1841,removing_blindfold,
1842,removing_blindfold,
1843,removing_blindfold,
1844,removing_blindfold,
1845,removing_blindfold,
1846,removing_blindfold,
1847,removing_blindfold,
1848,removing_blindfold,
1849,removing_blindfold,
1850,removing_blindfold,
1851,removing_blindfold,
1852,removing_blindfold,
1853,removing_blindfold,
1854,removing_blindfold,
1855,removing_blindfold,
1856,removing_blindfold,
1857,removing_blindfold,
1858,removing_blindfold,
1859,removing_blindfold,
1860,removing_blindfold,
1861,removing_blindfold,
1862,removing_blindfold,
1863,removing_blindfold,
1864,removing_blindfold,
1865,removing_blindfold,
1866,removing_blindfold,
1867,removing_blindfold,
1868,removing_blindfold,
1869,removing_blindfold,
1870,removing_blindfold,
1871,removing_blindfold,
1872,removing_blindfold,
1873,removing_blindfold,
1874,removing_blindfold,
1875,removing_blindfold,
1876,removing_blindfold,
1877,removing_blindfold,
1878,removing_blindfold,
1879,removing_blindfold,
1880,removing_blindfold,
1881,removing_blindfold,
1882,removing_blindfold,
1883,removing_blindfold,
1884,removing_blindfold,
1885,removing_blindfold,
1886,removing_blindfold,
1887,removing_blindfold,
1888,removing_blindfold,
1889,removing_blindfold,
1890,removing_blindfold,
1891,removing_blindfold,
1892,removing_blindfold,
1893,removing_blindfold,
1894,removing_blindfold,
1895,removing_blindfold,
1896,removing_blindfold,
1897,removing_blindfold,
1898,removing_blindfold,
1899,removing_blindfold,
1900,removing_blindfold,
1901,removing_blindfold,
1902,removing_blindfold,
1903,removing_blindfold,
1904,removing_blindfold,
1905,removing_blindfold,
1906,removing_blindfold,
1907,removing_blindfold,
1908,removing_blindfold,
1909,removing_blindfold,
1910,removing_blindfold,
1911,removing_blindfold,
1912,removing_blindfold,
1913,removing_blindfold,
1914,removing_blindfold,
1915,removing_blindfold,
1916,removing_blindfold,
1917,removing_blindfold,
1918,removing_blindfold,
1919,removing_blindfold,
1920,removing_blindfold,
1921,removing_blindfold,
1922,removing_blindfold,
1923,removing_blindfold,
1924,removing_blindfold,
1925,removing_blindfold,
1926,removing_blindfold,
1927,removing_blindfold,
1928,removing_blindfold,
1929,removing_blindfold,
1930,removing_blindfold,
1931,removing_blindfold,
1932,removing_blindfold,
1933,removing_blindfold,
1934,removing_blindfold,
1935,removing_blindfold,
1936,removing_blindfold,
1937,removing_blindfold,
1938,removing_blindfold,
1939,removing_blindfold,
1940,removing_blindfold,
1941,removing_blindfold,
1942,removing_blindfold,
1943,removing_blindfold,
1944,removing_blindfold,
1945,removing_blindfold,
1946,removing_blindfold,
1947,removing_blindfold,
1948,removing_blindfold,
1949,removing_blindfold,
1950,removing_blindfold,
1951,removing_blindfold,
1952,removing_blindfold,
1953,removing_blindfold,
1954,removing_blindfold,
1955,removing_blindfold,
1956,removing_blindfold,
1957,removing_blindfold,
1958,removing_blindfold,
1959,removing_blindfold,
1960,removing_blindfold,
1961,removing_blindfold,
1962,removing_blindfold,
1963,removing_blindfold,
1964,removing_blindfold,
1965,removing_blindfold,
1966,removing_blindfold,
1967,removing_blindfold,
1968,removing_blindfold,
1969,removing_blindfold,
1970,removing_blindfold,
1971,removing_blindfold,
1972,removing_blindfold,
1973,removing_blindfold,
1974,removing_blindfold,
1975,removing_blindfold,
1976,removing_blindfold,
1977,removing_blindfold,
1978,removing_blindfold,
1979,removing_blindfold,
1980,removing_blindfold,
1981,unknown,
1982,removing_blindfold,
1983,removing_blindfold,
1984,removing_blindfold,
1985,removing_blindfold,
1986,removing_blindfold,
1987,removing_blindfold,
1988,removing_blindfold,
1989,removing_blindfold,
1990,unknown,
1991,removing_blindfold,
1992,unknown,
1993,unknown,
1994,removing_blindfold,
1995,removing_blindfold,
1996,removing_blindfold,
1997,unknown,
1998,removing_blindfold,
1999,unknown,
2000,unknown,
2001,removing_blindfold,
2002,unknown,
2003,removing_blindfold,
2004,unknown,
2005,removing_blindfold,
2006,unknown,
2007,removing_blindfold,
2008,unknown,
2009,removing_blindfold,
2010,removing_blindfold,
2011,examining,
2012,examining,
2013,examining,
2014,examining,
2015,examining,
2016,examining,
2017,examining,
2018,examining,
2019,examining,
2020,examining,
2021,examining,
2022,examining,
2023,examining,
2024,examining,
2025,examining,
2026,examining,
2027,examining,
2028,examining,
2029,examining,
2030,examining,
2031,examining,
2032,examining,
2033,examining,
2034,examining,
2035,examining,
2036,examining,
2037,examining,
2038,examining,
2039,examining,
2040,examining,
2041,examining,
2042,examining,
2043,examining,
2044,examining,
2045,examining,
2046,examining,
2047,examining,
2048,examining,
2049,examining,
2050,examining,
2051,examining,
2052,examining,
2053,examining,
2054,examining,
2055,examining,
2056,examining,
2057,examining,
2058,examining,
2059,examining,
2060,examining,
2061,examining,
2062,examining,
2063,examining,
2064,examining,
2065,examining,
2066,examining,
2067,examining,
2068,examining,
2069,examining,
2070,examining,
2071,examining,
2072,examining,
2073,examining,
2074,examining,
2075,examining,
2076,examining,
2077,examining,
2078,examining,
2079,examining,
2080,examining,
2081,examining,
2082,examining,
2083,examining,
2084,examining,
2085,examining,
2086,examining,
2087,examining,
2088,examining,
2089,examining,
2090,examining,
2091,examining,
2092,examining,
2093,examining,
2094,examining,
2095,examining,
2096,examining,
2097,unknown,
2098,examining,
2099,examining,
2100,examining,
2101,examining,
2102,examining,
2103,examining,
2104,examining,
2105,examining,
2106,examining,
2107,examining,
2108,examining,
2109,examining,
2110,examining,
2111,examining,
2112,examining,
2113,examining,
2114,examining,
2115,examining,
2116,examining,
2117,examining,
2118,examining,
2119,unknown,
2120,examining,
2121,examining,
2122,examining,
2123,examining,
2124,examining,
2125,examining,
2126,examining,
2127,examining,
2128,examining,
2129,examining,
2130,unknown,
2131,examining,
2132,examining,
2133,unknown,
2134,examining,
2135,examining,
2136,unknown,
2137,examining,
2138,examining,
2139,examining,
2140,examining,
2141,examining,
2142,examining,
2143,examining,
2144,examining,
2145,examining,
2146,examining,
2147,examining,
2148,examining,
2149,examining,
2150,examining,
2151,examining,
2152,unknown,
2153,examining,
2154,unknown,
2155,examining,
2156,unknown,
2157,examining,
2158,unknown,
2159,examining,
2160,unknown,
2161,examining,
2162,unknown,
2163,unknown,
2164,unknown,
2165,unknown,
2166,unknown,
2167,unknown,
2168,unknown,
2169,unknown,
2170,unknown,
2171,unknown,
2172,unknown,
2173,unknown,
2174,unknown,
2175,unknown,
2176,unknown,
2177,unknown,
2178,unknown,
2179,unknown,
2180,unknown,
2181,unknown,
2182,unknown,
2183,unknown,
2184,unknown,
2185,unknown,
2186,unknown,
2187,unknown,
2188,examining,
2189,unknown,
2190,walking,
2191,walking,
2192,walking,
2193,walking,
2194,walking,
2195,walking,
2196,walking,
2197,walking,
2198,walking,
2199,walking,
2200,walking,
2201,walking,
2202,walking,
2203,walking,
2204,walking,
2205,walking,
2206,walking,
2207,walking,
2208,walking,
2209,walking,
2210,walking,
2211,walking,
2212,walking,
2213,walking,
2214,walking,
2215,walking,
2216,walking,
2217,walking,
2218,walking,
2219,walking,
2220,walking,
2221,walking,
2222,walking,
2223,walking,
2224,walking,
2225,walking,
2226,walking,
2227,walking,
2228,walking,
2229,walking,
2230,walking,
2231,walking,
2232,walking,
2233,walking,
2234,walking,
2235,walking,
2236,walking,
2237,walking,
2238,walking,
2239,walking,
2240,walking,
2241,walking,
2242,walking,
2243,walking,
2244,walking,
2245,walking,
2246,walking,
2247,walking,
2248,walking,
2249,walking,
2250,walking,
2251,walking,
2252,walking,
2253,walking,
2254,walking,
2255,walking,
2256,walking,
2257,walking,
2258,walking,
2259,walking,
2260,walking,
2261,walking,
2262,walking,
2263,walking,
2264,walking,
2265,walking,
2266,walking,
2267,walking,
2268,walking,
2269,walking,
2270,walking,
2271,walking,
2272,walking,
2273,walking,
2274,walking,
2275,walking,
2276,walking,
2277,walking,
2278,walking,
2279,walking,
2280,walking,
2281,walking,
2282,walking,
2283,walking,
2284,walking,
2285,walking,
2286,walking,
2287,walking,
2288,walking,
2289,walking,
2290,walking,
2291,walking,
2292,walking,
2293,walking,
2294,walking,
2295,walking,
2296,walking,
2297,walking,
2298,walking,
2299,walking,
2300,walking,
2301,raising_arm,
2302,raising_arm,
2303,raising_arm,
2304,raising_arm,
2305,raising_arm,
2306,raising_arm,
2307,raising_arm,
2308,raising_arm,
2309,raising_arm,
2310,raising_arm,
2311,raising_arm,
2312,raising_arm,
2313,raising_arm,
2314,raising_arm,
2315,raising_arm,
2316,raising_arm,
2317,raising_arm,
2318,raising_arm,
2319,raising_arm,
2320,raising_arm,
2321,raising_arm,
2322,raising_arm,
2323,raising_arm,
2324,raising_arm,
2325,raising_arm,
2326,raising_arm,
2327,raising_arm,
2328,raising_arm,
2329,raising_arm,
2330,raising_arm,
2331,raising_arm,
2332,raising_arm,
2333,raising_arm,
2334,raising_arm,
2335,raising_arm,
2336,raising_arm,
2337,raising_arm,
2338,raising_arm,
2339,raising_arm,
2340,raising_arm,
2341,raising_arm,
2342,raising_arm,
2343,raising_arm,
2344,raising_arm,
2345,raising_arm,
2346,raising_arm,
2347,raising_arm,
2348,raising_arm,
2349,raising_arm,
2350,raising_arm,
2351,raising_arm,
2352,raising_arm,
2353,raising_arm,
2354,raising_arm,
2355,raising_arm,
2356,raising_arm,
2357,raising_arm,
2358,raising_arm,
2359,raising_arm,
2360,raising_arm,
2361,raising_arm,
2362,raising_arm,
2363,raising_arm,
2364,raising_arm,
2365,raising_arm,
2366,raising_arm,
2367,raising_arm,
2368,raising_arm,
2369,raising_arm,
2370,unknown,surprise
2371,raising_arm,surprise
2372,raising_arm,surprise
2373,raising_arm,surprise
2374,raising_arm,surprise
2375,raising_arm,neutral
2376,raising_arm,neutral
2377,raising_arm,neutral
2378,raising_arm,sad
2379,raising_arm,sad
2380,raising_arm,sad
2381,raising_arm,sad
2382,raising_arm,sad
2383,raising_arm,fear
2384,raising_arm,fear
2385,raising_arm,fear
2386,raising_arm,fear
2387,raising_arm,fear
2388,raising_arm,fear
2389,raising_arm,fear
2390,raising_arm,fear
2391,raising_arm,fear
2392,raising_arm,fear
2393,raising_arm,fear
2394,raising_arm,fear
2395,raising_arm,fear
2396,raising_arm,fear
2397,raising_arm,fear
2398,raising_arm,fear
2399,raising_arm,fear
2400,typing,
2401,typing,
2402,typing,
2403,typing,
2404,typing,
2405,typing,
2406,typing,
2407,typing,
2408,typing,
2409,typing,
2410,typing,
2411,typing,
2412,typing,
2413,typing,
2414,typing,
2415,typing,
2416,typing,
2417,typing,
2418,typing,
2419,typing,
2420,typing,
2421,typing,
2422,typing,
2423,typing,
2424,typing,
2425,typing,
2426,typing,
2427,typing,
2428,typing,
2429,typing,
2430,typing,
2431,typing,
2432,typing,
2433,typing,
2434,typing,
2435,typing,
2436,typing,
2437,typing,
2438,typing,
2439,typing,
2440,typing,
2441,typing,
2442,typing,
2443,typing,
2444,typing,
2445,typing,
2446,typing,
2447,typing,
2448,typing,
2449,typing,
2450,typing,
2451,typing,
2452,typing,
2453,typing,
2454,typing,
2455,typing,
2456,typing,
2457,typing,
2458,typing,
2459,typing,
2460,typing,
2461,typing,
2462,typing,
2463,typing,
2464,typing,
2465,typing,
2466,typing,
2467,typing,
2468,typing,
2469,typing,
2470,typing,
2471,typing,
2472,typing,
2473,typing,
2474,typing,
2475,typing,
2476,typing,
2477,typing,
2478,typing,
2479,typing,
2480,typing,
2481,typing,
2482,typing,
2483,typing,
2484,typing,
2485,typing,
2486,typing,
2487,typing,
2488,typing,
2489,typing,
2490,typing,
2491,typing,
2492,typing,
2493,typing,
2494,typing,
2495,typing,
2496,typing,
2497,typing,
2498,typing,
2499,typing,
2500,typing,
2501,typing,
2502,typing,
2503,typing,
2504,typing,
2505,typing,
2506,typing,
2507,typing,
2508,typing,
2509,typing,
2510,typing,
2511,typing,
2512,typing,
2513,typing,
2514,typing,
2515,typing,
2516,typing,
2517,typing,
2518,typing,
2519,typing,
2520,typing,
2521,typing,
2522,typing,
2523,typing,
2524,typing,
2525,typing,
2526,typing,
2527,typing,
2528,typing,
2529,typing,
2530,typing,
2531,typing,
2532,typing,
2533,typing,
2534,typing,
2535,typing,
2536,typing,
2537,typing,
2538,typing,
2539,typing,
2540,typing,
2541,typing,
2542,typing,
2543,typing,
2544,typing,
2545,typing,
2546,typing,
2547,typing,
2548,typing,
2549,typing,
2550,typing,
2551,typing,
2552,typing,
2553,typing,
2554,typing,
2555,typing,
2556,typing,
2557,typing,
2558,typing,
2559,typing,
2560,typing,
2561,typing,
2562,typing,
2563,typing,
2564,typing,
2565,typing,
2566,typing,
2567,typing,
2568,typing,
2569,typing,
2570,typing,
2571,typing,
2572,typing,
2573,typing,
2574,typing,
2575,typing,
2576,typing,
2577,typing,
2578,typing,
2579,typing,
2580,typing,
2581,typing,
2582,typing,
2583,typing,
2584,typing,
2585,typing,
2586,typing,
2587,typing,
2588,typing,
2589,typing,
2590,typing,
2591,typing,
2592,typing,
2593,typing,
2594,typing,
2595,typing,
2596,typing,
2597,typing,
2598,typing,
2599,typing,
2600,typing,
2601,typing,
2602,typing,
2603,typing,
2604,typing,
2605,typing,
2606,typing,
2607,typing,
2608,typing,
2609,typing,
2610,typing,
2611,typing,
2612,typing,
2613,typing,
2614,typing,
2615,typing,
2616,typing,
2617,typing,
2618,typing,
2619,typing,
2620,typing,
2621,typing,
2622,typing,
2623,typing,
2624,typing,
2625,typing,
2626,typing,
2627,typing,
2628,typing,
2629,typing,
2630,typing,
2631,typing,
2632,typing,
2633,typing,
2634,typing,
2635,typing,
2636,typing,
2637,typing,
2638,typing,
2639,typing,
2640,typing,
2641,typing,
2642,typing,
2643,typing,
2644,typing,
2645,typing,
2646,typing,
2647,typing,
2648,typing,
2649,typing,
2650,typing,
2651,typing,
2652,typing,
2653,typing,
2654,typing,
2655,typing,
2656,typing,
2657,typing,
2658,typing,
2659,typing,
2660,typing,
2661,typing,
2662,typing,
2663,typing,
2664,typing,
2665,typing,
2666,typing,
2667,typing,
2668,typing,
2669,typing,
2670,typing,
2671,typing,
2672,typing,
2673,typing,
2674,typing,
2675,typing,
2676,typing,
2677,typing,
2678,typing,
2679,typing,
2680,typing,
2681,typing,
2682,typing,
2683,typing,
2684,typing,
2685,typing,
2686,typing,
2687,typing,
2688,typing,
2689,typing,
2690,typing,
2691,typing,
2692,typing,
2693,typing,
2694,typing,
2695,typing,
2696,typing,
2697,typing,
2698,typing,
2699,typing,
2700,typing,
2701,typing,
2702,typing,
2703,typing,
2704,typing,
2705,typing,
2706,typing,
2707,typing,
2708,typing,
2709,typing,
2710,typing,
2711,typing,
2712,typing,
2713,typing,
2714,typing,
2715,typing,
2716,typing,
2717,typing,
2718,typing,
2719,typing,
2720,typing,
2721,typing,
2722,typing,
2723,typing,
2724,typing,
2725,typing,
2726,typing,
2727,typing,
2728,typing,
2729,typing,
2730,typing,
2731,typing,
2732,typing,
2733,typing,
2734,typing,
2735,typing,
2736,typing,
2737,typing,
2738,typing,
2739,typing,
2740,typing,
2741,typing,
2742,typing,
2743,typing,
2744,typing,
2745,typing,
2746,typing,
2747,typing,
2748,typing,
2749,typing,
2750,typing,
2751,typing,
2752,typing,
2753,typing,
2754,typing,
2755,typing,
2756,typing,
2757,typing,
2758,typing,
2759,typing,
2760,unknown,
2761,unknown,
2762,unknown,
2763,unknown,
2764,unknown,
2765,unknown,
2766,unknown,
2767,unknown,
2768,unknown,
2769,unknown,
2770,unknown,
2771,unknown,
2772,unknown,
2773,unknown,
2774,unknown,
2775,unknown,
2776,unknown,
2777,unknown,
2778,unknown,
2779,unknown,
2780,unknown,
2781,unknown,
2782,unknown,
2783,unknown,
2784,unknown,
2785,unknown,
2786,unknown,
2787,unknown,
2788,unknown,
2789,unknown,
2790,unknown,
2791,unknown,
2792,unknown,
2793,unknown,
2794,unknown,
2795,unknown,
2796,unknown,
2797,unknown,
2798,unknown,
2799,unknown,
2800,unknown,
2801,unknown,
2802,unknown,
2803,unknown,
2804,unknown,
2805,unknown,
2806,unknown,
2807,unknown,
2808,unknown,
2809,unknown,
2810,unknown,
2811,unknown,
2812,unknown,
2813,unknown,
2814,unknown,
2815,unknown,
2816,unknown,
2817,unknown,
2818,unknown,
2819,unknown,
2820,unknown,
2821,unknown,
2822,unknown,
2823,unknown,
2824,unknown,
2825,unknown,
2826,unknown,
2827,unknown,
2828,unknown,
2829,unknown,
2830,unknown,
2831,unknown,
2832,unknown,
2833,unknown,
2834,unknown,
2835,unknown,
2836,unknown,
2837,unknown,
2838,unknown,
2839,unknown,
2840,unknown,
2841,unknown,
2842,unknown,
2843,unknown,
2844,unknown,
2845,unknown,
2846,unknown,
2847,unknown,
2848,unknown,
2849,unknown,
2850,unknown,
2851,unknown,
2852,unknown,
2853,unknown,
2854,unknown,
2855,unknown,
2856,unknown,
2857,unknown,
2858,unknown,
2859,unknown,
2860,unknown,
2861,unknown,
2862,unknown,
2863,unknown,
2864,unknown,
2865,unknown,
2866,unknown,
2867,unknown,
2868,unknown,
2869,unknown,
2870,unknown,
2871,unknown,
2872,unknown,
2873,unknown,
2874,unknown,
2875,unknown,
2876,unknown,
2877,unknown,
2878,unknown,
2879,unknown,
2880,unknown,
2881,unknown,
2882,unknown,
2883,unknown,
2884,unknown,
2885,unknown,
2886,unknown,
2887,typing,
2888,unknown,
2889,unknown,
2890,unknown,
2891,unknown,
2892,unknown,
2893,unknown,
2894,unknown,
2895,unknown,
2896,typing,
2897,unknown,
2898,unknown,
2899,unknown,
2900,unknown,
2901,unknown,
2902,unknown,
2903,typing,
2904,unknown,
2905,unknown,
2906,typing,
2907,typing,
2908,unknown,
2909,unknown,
2910,unknown,
2911,unknown,
2912,typing,
2913,typing,
2914,typing,
2915,typing,
2916,unknown,
2917,typing,
2918,unknown,
2919,unknown,
2920,unknown,
2921,unknown,
2922,unknown,
2923,unknown,
2924,unknown,
2925,unknown,
2926,typing,
2927,typing,
2928,typing,
2929,typing,
2930,typing,
2931,typing,
2932,typing,
2933,typing,
2934,typing,
2935,typing,
2936,typing,
2937,typing,
2938,typing,
2939,unknown,
2940,using_cellphone,
2941,using_cellphone,
2942,using_cellphone,
2943,unknown,
2944,using_cellphone,
2945,using_cellphone,
2946,using_cellphone,
2947,using_cellphone,
2948,using_cellphone,
2949,using_cellphone,
2950,using_cellphone,
2951,using_cellphone,
2952,using_cellphone,
2953,using_cellphone,
2954,using_cellphone,
2955,using_cellphone,
2956,using_cellphone,
2957,using_cellphone,
2958,using_cellphone,
2959,using_cellphone,
2960,using_cellphone,
2961,using_cellphone,
2962,using_cellphone,
2963,using_cellphone,
2964,using_cellphone,
2965,using_cellphone,
2966,unknown,
2967,unknown,
2968,unknown,
2969,unknown,
2970,unknown,
2971,unknown,
2972,unknown,
2973,unknown,
2974,unknown,
2975,unknown,
2976,using_cellphone,
2977,using_cellphone,
2978,using_cellphone,
2979,unknown,
2980,unknown,
2981,unknown,
2982,unknown,
2983,unknown,
2984,unknown,
2985,unknown,
2986,unknown,
2987,unknown,
2988,unknown,
2989,unknown,
2990,unknown,
2991,unknown,
2992,unknown,
2993,unknown,
2994,unknown,
2995,unknown,
2996,unknown,
2997,unknown,
2998,unknown,
2999,unknown,
3000,unknown,
3001,unknown,
3002,unknown,
3003,unknown,
3004,unknown,
3005,unknown,
3006,unknown,
3007,unknown,
3008,unknown,
3009,unknown,
3010,unknown,
3011,unknown,
3012,unknown,
3013,unknown,
3014,unknown,
3015,unknown,
3016,unknown,
3017,using_cellphone,
3018,using_cellphone,
3019,unknown,
3020,unknown,
3021,using_cellphone,
3022,unknown,
3023,unknown,
3024,unknown,
3025,handshaking,
3026,unknown,
3027,handshaking,
3028,handshaking,
3029,unknown,
3030,handshaking,
3031,handshaking,
3032,unknown,
3033,unknown,
3034,unknown,
3035,handshaking,
3036,handshaking,
3037,handshaking,
3038,handshaking,
3039,handshaking,
3040,handshaking,
3041,handshaking,
3042,handshaking,
3043,unknown,
3044,unknown,
3045,handshaking,
3046,handshaking,
3047,handshaking,
3048,unknown,
3049,handshaking,
3050,handshaking,
3051,handshaking,
3052,handshaking,
3053,handshaking,
3054,handshaking,
3055,handshaking,
3056,handshaking,
3057,handshaking,
3058,handshaking,
3059,handshaking,
3060,handshaking,
3061,handshaking,
3062,handshaking,
3063,handshaking,
3064,handshaking,
3065,handshaking,
3066,handshaking,
3067,handshaking,
3068,handshaking,
3069,handshaking,
3070,handshaking,
3071,handshaking,
3072,handshaking,
3073,handshaking,
3074,handshaking,
3075,handshaking,
3076,handshaking,
3077,handshaking,
3078,handshaking,
3079,handshaking,
3080,handshaking,
3081,handshaking,
3082,handshaking,
3083,handshaking,
3084,handshaking,
3085,handshaking,
3086,handshaking,
3087,handshaking,
3088,handshaking,
3089,handshaking,
3090,handshaking,
3091,handshaking,
3092,handshaking,
3093,handshaking,
3094,handshaking,
3095,handshaking,
3096,handshaking,
3097,handshaking,
3098,handshaking,
3099,handshaking,
3100,handshaking,
3101,handshaking,
3102,handshaking,
3103,handshaking,
3104,handshaking,
3105,handshaking,
3106,handshaking,
3107,handshaking,
3108,handshaking,
3109,handshaking,
3110,handshaking,
3111,handshaking,
3112,handshaking,
3113,handshaking,
3114,handshaking,
3115,handshaking,
3116,handshaking,
3117,handshaking,
3118,handshaking,
3119,unknown,
3120,unknown,
3121,unknown,
3122,unknown,
3123,unknown,
3124,unknown,
3125,unknown,
3126,unknown,
3127,unknown,
3128,handshaking,
3129,handshaking,
3130,talking,
3131,talking,
3132,talking,
3133,talking,
3134,talking,
3135,talking,
3136,talking,
3137,talking,
3138,talking,
3139,talking,
3140,talking,
3141,talking,
3142,talking,
3143,talking,
3144,talking,
3145,talking,
3146,talking,
3147,talking,
3148,talking,
3149,talking,
3150,talking,
3151,talking,
3152,talking,
3153,talking,
3154,talking,
3155,talking,
3156,talking,
3157,talking,
3158,talking,
3159,talking,
3160,talking,
3161,talking,
3162,talking,
3163,talking,
3164,talking,
3165,talking,
3166,talking,
3167,talking,
3168,talking,
3169,talking,
3170,talking,
3171,talking,
3172,talking,
3173,talking,
3174,talking,
3175,talking,
3176,talking,
3177,talking,
3178,talking,
3179,talking,
3180,talking,
3181,talking,
3182,talking,
3183,talking,
3184,talking,
3185,talking,
3186,talking,
3187,talking,
3188,talking,
3189,talking,
3190,talking,
3191,talking,
3192,talking,
3193,talking,
3194,talking,
3195,talking,
3196,talking,
3197,talking,
3198,talking,
3199,talking,
3200,talking,
3201,talking,
3202,talking,
3203,talking,
3204,talking,
3205,talking,
3206,talking,
3207,talking,
3208,talking,
3209,talking,
3210,talking,
3211,talking,
3212,talking,
3213,talking,
3214,talking,
3215,talking,
3216,talking,
3217,talking,
3218,talking,
3219,talking,
3220,talking,
3221,talking,
3222,talking,
3223,talking,
3224,talking,
3225,talking,
3226,talking,
3227,talking,
3228,talking,
3229,talking,
3230,talking,
3231,talking,
3232,talking,
3233,talking,
3234,talking,
3235,talking,
3236,talking,
3237,talking,
3238,talking,
3239,talking,
3240,talking,
3241,talking,
3242,talking,
3243,talking,
3244,talking,
3245,talking,
3246,talking,
3247,talking,
3248,talking,
3249,talking,
3250,talking,
3251,talking,
3252,talking,
3253,talking,
3254,talking,
3255,talking,
3256,talking,
3257,talking,
3258,talking,
3259,talking,
3260,talking,
3261,talking,
3262,talking,
3263,talking,
3264,talking,
3265,talking,
3266,talking,
3267,talking,
3268,talking,
3269,talking,
3270,talking,
3271,talking,
3272,talking,
3273,talking,
3274,talking,
3275,talking,
3276,talking,
3277,talking,
3278,talking,
3279,talking,
3280,talking,
3281,talking,
3282,talking,
3283,talking,
3284,talking,
3285,talking,
3286,talking,
3287,talking,
3288,talking,
3289,talking,
3290,talking,
3291,talking,
3292,talking,
3293,talking,
3294,talking,
3295,talking,
3296,talking,
3297,talking,
3298,talking,
3299,talking,
3300,typing,fear
3301,typing,fear
3302,typing,sad
3303,typing,sad
3304,typing,sad
3305,typing,sad
3306,typing,sad
3307,typing,sad
3308,typing,sad
3309,typing,sad
3310,typing,sad
3311,typing,sad
3312,typing,sad
3313,typing,sad
3314,typing,sad
3315,typing,sad
3316,typing,sad
3317,typing,sad
3318,typing,sad
3319,typing,sad
3320,typing,sad
3321,typing,sad
3322,typing,sad
3323,typing,sad
3324,typing,sad
3325,typing,sad
